Requirement,Conformance,Actor,Conditionality,sub-requirements,URL,Req Set,Id,Sub-Requirement(s)
"""Updated Taxonomy Codes (Jira tickets [FHIR 31494](https://jira.hl7.org/browse/FHIR-33206?filter=14707)  - [FHIR 31499](https://jira.hl7.org/browse/FHIR-33206?filter=14707) )""",SHALL,Server,False,NONE,http://hl7.org/fhir/us/davinci-pdex-plan-net/ChangeHistory.html#changes-since-v1-0-0,,,
"""Make HealthcareService Delivery Method optional""",SHALL,Server,False,NONE,http://hl7.org/fhir/us/davinci-pdex-plan-net/ChangeHistory.html#changes-since-v1-0-0,,,
"""Change Organization.type binding from OrganizationType to NetworkType""",SHALL,Server,False,NONE,http://hl7.org/fhir/us/davinci-pdex-plan-net/ChangeHistory.html#changes-since-v1-0-0,,,
"""Added 'catastrophic' options to Insurance Plan Types""",SHALL,Server,False,NONE,http://hl7.org/fhir/us/davinci-pdex-plan-net/ChangeHistory.html#changes-since-v1-0-0,,,
"""Ability to manage Provider Directory List for incoming/outgoing providers""",SHALL,Server,False,NONE,http://hl7.org/fhir/us/davinci-pdex-plan-net/ChangeHistory.html#changes-since-v1-0-0,,,
"""Update Resource Relationships Diagram""",SHALL,Server,False,NONE,http://hl7.org/fhir/us/davinci-pdex-plan-net/ChangeHistory.html#changes-since-v1-0-0,,,
"""Fix Spelling""",SHALL,Server,False,NONE,http://hl7.org/fhir/us/davinci-pdex-plan-net/ChangeHistory.html#changes-since-v1-0-0,,,
"""Transitioned IG to Sushi 1.0.0 directory structure""",SHALL,Server,False,NONE,http://hl7.org/fhir/us/davinci-pdex-plan-net/ChangeHistory.html#changes-since-v1-0-0,,,
"""The content-type of the POST SHALL match the MIME type on the Subscription (Subscription.channel.payload).""",SHALL,Client,False,NONE,https://build.fhir.org/ig/HL7/davinci-pdex-plan-net/examples.html#examples,,,
"""each notification MAY include additional resources or references to resources (URLs or ids).""",MAY,Server,False,NONE,https://build.fhir.org/ig/HL7/davinci-pdex-plan-net/examples.html#examples,,,
"""A conformant Plan-Net service SHALL NOT require a directory mobile application to send consumer identifying information in order to query content.""",SHALL NOT,Server,False,NONE,http://hl7.org/fhir/us/davinci-pdex-plan-net/Implementation.html#privacy-considerations,,,
"""A directory mobile application SHALL NOT send consumer identifiable information when querying a Plan-Net service.""",SHALL NOT,Client,False,NONE,http://hl7.org/fhir/us/davinci-pdex-plan-net/Implementation.html#privacy-considerations,,,
"""When querying and reading the Plan-Net Profiles defined in this IG, Must Support on any profile data element SHALL be interpreted as follows""",SHALL,"Client, Server",False,NONE,http://hl7.org/fhir/us/davinci-pdex-plan-net/Implementation.html#must-support,,,
"""Health Plan API actors SHALL be capable of populating all Must Support data elements as part of the query results.""",SHALL,Server,False,NONE,http://hl7.org/fhir/us/davinci-pdex-plan-net/Implementation.html#must-support,,,
"""In situations where information on a particular Must Support data element is not present and the minimum cardinality is 0, the Health Plan API actors SHALL NOT include the data elements in the resource instance returned as part of the query results.""",SHALL NOT,Server,False,NONE,http://hl7.org/fhir/us/davinci-pdex-plan-net/Implementation.html#must-support,,,
"""In situations where information on a particular data element is not present and the minimum cardinality is >0 SHALL send the reason for the missing information using values (such as nullFlavors) from the value set where they exist or use the dataAbsentReason extension.""",SHALL,Server,False,NONE,http://hl7.org/fhir/us/davinci-pdex-plan-net/Implementation.html#must-support,,,
"""Application actors SHALL be capable of processing resource instances containing the Must Support data elements without generating an error or causing the application to fail.""",SHALL,Client,False,NONE,http://hl7.org/fhir/us/davinci-pdex-plan-net/Implementation.html#must-support,,,
"""Application actors SHOULD be capable of displaying the data elements for human use or storing the information for other purposes.""",SHOULD,Client,False,NONE,http://hl7.org/fhir/us/davinci-pdex-plan-net/Implementation.html#must-support,,,
"""When querying Health Plan API actors, Application actors SHALL interpret missing Must Support data elements within resource instances as data not present in the Health Plan API actors system.""",SHALL,Client,False,NONE,http://hl7.org/fhir/us/davinci-pdex-plan-net/Implementation.html#must-support,,,
"""Consumer App actors SHALL be able to process resource instances containing Must Support data elements asserting missing information.""",SHALL,Client,False,NONE,http://hl7.org/fhir/us/davinci-pdex-plan-net/Implementation.html#must-support,,,
"""Each profile in this guide requires that the lastUpdate timestamp be provided as part of the profile's data content.""",SHALL,Server,False,NONE,http://hl7.org/fhir/us/davinci-pdex-plan-net/Implementation.html#client-detection-of-updates-directory-content,,,
"""PractitionerRole and OrganizationAffiliation instances are what tie Practitioners and Organizations to HealthcareServices, Organizations, Networks and Locations.""",SHALL,Server,False,NONE,"Insurance Plan and Network section, paragraph 1",,,
"""Organization Affiliation instances describe a role, and link a participating organization that provides or performs the role, with an organization where that role is available, and also links the participating organization to a HealthcareServices and networks.""",SHALL,Server,False,NONE,Organizations and Organization Affiliations section,,,
"""OrganizationalAffiliation can also be used to associate a HealthcareService provided by an organization with networks.""",MAY,Server,False,NONE,Organizations and Organization Affiliations section,,,
"""An Endpoint instance provides  technical details of an endpoint that can be used for electronic services, such as a portal or FHIR REST services, messaging or operations, or DIRECT messaging.""",SHALL,Server,False,NONE,Endpoints section,,,
"""The Plan-Net Server **SHALL** [...] Implement the RESTful behavior according to the FHIR specification.""",SHALL,Server,False,NONE,http://hl7.org/fhir/us/davinci-pdex-plan-net/CapabilityStatement/plan-net#fhir-restful-capabilities,,,
"""The Plan-Net Server **SHALL** [...] Return the following response classes: [...] (Status 400): invalid parameter""",SHALL,Server,False,NONE,http://hl7.org/fhir/us/davinci-pdex-plan-net/CapabilityStatement/plan-net#fhir-restful-capabilities,,,
"""The Plan-Net Server **SHALL** [...] Return the following response classes: [...] (Status 401/4xx): unauthorized request""",SHALL,Server,False,NONE,http://hl7.org/fhir/us/davinci-pdex-plan-net/CapabilityStatement/plan-net#fhir-restful-capabilities,,,
"""The Plan-Net Server **SHALL** [...] Return the following response classes: [...] (Status 403): insufficient scope""",SHALL,Server,False,NONE,http://hl7.org/fhir/us/davinci-pdex-plan-net/CapabilityStatement/plan-net#fhir-restful-capabilities,,,
"""The Plan-Net Server **SHALL** [...] Return the following response classes: [...] (Status 404): unknown resource""",SHALL,Server,False,NONE,http://hl7.org/fhir/us/davinci-pdex-plan-net/CapabilityStatement/plan-net#fhir-restful-capabilities,,,
"""The Plan-Net Server **SHALL** [...] Return the following response classes: [...] (Status 410): deleted resource""",SHALL,Server,False,NONE,http://hl7.org/fhir/us/davinci-pdex-plan-net/CapabilityStatement/plan-net#fhir-restful-capabilities,,,
"""The Plan-Net Server **SHALL** [...] Support json source formats for all Plan-Net interactions.""",SHALL,Server,False,NONE,http://hl7.org/fhir/us/davinci-pdex-plan-net/CapabilityStatement/plan-net#fhir-restful-capabilities,,,
"""The Plan-Net Server **SHALL** [...] Identify the Plan-Net profiles supported as part of the FHIR `meta.profile` attribute for each instance.""",SHALL,Server,False,NONE,http://hl7.org/fhir/us/davinci-pdex-plan-net/CapabilityStatement/plan-net#fhir-restful-capabilities,,,
"""The Plan-Net Server **SHALL** [...] Support the searchParameters on each profile individually and in combination.""",SHALL,Server,False,NONE,http://hl7.org/fhir/us/davinci-pdex-plan-net/CapabilityStatement/plan-net#fhir-restful-capabilities,,,
"""The Plan-Net Server **SHALL** [...] Support forward and reverse chaining on all search parameters that specify the 'chain' property""",SHALL,Server,False,NONE,http://hl7.org/fhir/us/davinci-pdex-plan-net/CapabilityStatement/plan-net#fhir-restful-capabilities,,,
"""The Plan-Net Server **SHOULD** [...] Support xml source formats for all Plan-Net interactions.""",SHOULD,Server,False,NONE,http://hl7.org/fhir/us/davinci-pdex-plan-net/CapabilityStatement/plan-net#fhir-restful-capabilities,,,
"""A server **SHALL** reject any unauthorized requests by returning an `HTTP 401` unauthorized response code.""",SHALL,Server,False,NONE,http://hl7.org/fhir/us/davinci-pdex-plan-net/CapabilityStatement/plan-net#security,,,
"""SHOULD support ... `vread`.""",SHOULD,Server,False,NONE,http://hl7.org/fhir/us/plannet/StructureDefinition-plannet-Endpoint.html - Profile Interaction Summary,,,
"""A Server SHALL be capable of returning a Endpoint resource using: `GET [base]/Endpoint/[id]`""",SHALL,Server,False,NONE,http://hl7.org/fhir/us/plannet/StructureDefinition-plannet-Endpoint.html - Fetch and Search Criteria,,,
"""A Server SHOULD be capable of returning a Endpoint resource using: `GET [base]/Endpoint/[id]/_history/vid`""",SHOULD,Server,False,NONE,http://hl7.org/fhir/us/plannet/StructureDefinition-plannet-Endpoint.html - Fetch and Search Criteria,,,
"""A Server SHALL be capable of supporting the following _includes: Endpoint:organization - `GET [base]/Endpoint?[parameter=value]&_include=Endpoint:organization`""",SHALL,Server,False,NONE,http://hl7.org/fhir/us/plannet/StructureDefinition-plannet-Endpoint.html - Fetch and Search Criteria,,,
"""SHALL ... [support search parameter] [organization](SearchParameter-endpoint-organization.html) ... `GET [base]/Endpoint?organization=[organization]`""",SHALL,Server,False,NONE,http://hl7.org/fhir/us/plannet/StructureDefinition-plannet-Endpoint.html - Search Parameter Summary,,,
"""SHALL ... [support search parameter] [_id](http://hl7.org/fhir/R4/search.html) ... `GET [base]/Endpoint?_id=[id]`""",SHALL,Server,False,NONE,http://hl7.org/fhir/us/plannet/StructureDefinition-plannet-Endpoint.html - Search Parameter Summary,,,
"""SHALL ... [support search parameter] [_lastUpdated](http://hl7.org/fhir/R4/search.html) ... `GET [base]/Endpoint?_lastUpdated=[_lastUpdated]`""",SHALL,Server,False,NONE,http://hl7.org/fhir/us/plannet/StructureDefinition-plannet-Endpoint.html - Search Parameter Summary,,,
"""SHALL support ... `search-type`, `read`.""",SHALL,Server,False,NONE,http://hl7.org/fhir/us/plannet/StructureDefinition-plannet-HealthcareService.html - Profile Interaction Summary,,,
"""SHOULD support ... `vread`.""",SHOULD,Server,False,NONE,http://hl7.org/fhir/us/plannet/StructureDefinition-plannet-HealthcareService.html - Profile Interaction Summary,,,
"""A Server SHALL be capable of returning a HealthcareService resource using: `GET [base]/HealthcareService/[id]`""",SHALL,Server,False,NONE,http://hl7.org/fhir/us/plannet/StructureDefinition-plannet-HealthcareService.html - Fetch and Search Criteria,,,
"""A Server SHOULD be capable of returning a HealthcareService resource using: `GET [base]/HealthcareService/[id]/_history/vid`""",SHOULD,Server,False,NONE,http://hl7.org/fhir/us/plannet/StructureDefinition-plannet-HealthcareService.html - Fetch and Search Criteria,,,
"""A Server SHALL be capable of supporting the following _includes: HealthcareService:location - `GET [base]/HealthcareService?[parameter=value]&_include=HealthcareService:location`""",SHALL,Server,False,NONE,http://hl7.org/fhir/us/plannet/StructureDefinition-plannet-HealthcareService.html - Fetch and Search Criteria,,,
"""A Server SHALL be capable of supporting the following _includes: HealthcareService:coverage-area - `GET [base]/HealthcareService?[parameter=value]&_include=HealthcareService:coverage-area`""",SHALL,Server,False,NONE,http://hl7.org/fhir/us/plannet/StructureDefinition-plannet-HealthcareService.html - Fetch and Search Criteria,,,
"""A Server SHALL be capable of supporting the following _includes: HealthcareService:organization - `GET [base]/HealthcareService?[parameter=value]&_include=HealthcareService:organization`""",SHALL,Server,False,NONE,http://hl7.org/fhir/us/plannet/StructureDefinition-plannet-HealthcareService.html - Fetch and Search Criteria,,,
"""A Server SHALL be capable of supporting the following _includes: HealthcareService:endpoint - `GET [base]/HealthcareService?[parameter=value]&_include=HealthcareService:endpoint`""",SHALL,Server,False,NONE,http://hl7.org/fhir/us/plannet/StructureDefinition-plannet-HealthcareService.html - Fetch and Search Criteria,,,
"""A Server SHALL be capable of supporting the following _revincludes: PractitionerRole:service - `GET [base]/HealthcareService?[parameter=value]&_revinclude=PractitionerRole:service`""",SHALL,Server,False,NONE,http://hl7.org/fhir/us/plannet/StructureDefinition-plannet-HealthcareService.html - Fetch and Search Criteria,,,
"""A Server SHALL be capable of supporting the following _revincludes: OrganizationAffiliation:service - `GET [base]/HealthcareService?[parameter=value]&_revinclude=OrganizationAffiliation:service`""",SHALL,Server,False,NONE,http://hl7.org/fhir/us/plannet/StructureDefinition-plannet-HealthcareService.html - Fetch and Search Criteria,,,
"""SHALL ... [support search parameter] [location](SearchParameter-healthcareservice-location.html) ... `GET [base]/HealthcareService?location=[location]`""",SHALL,Server,False,NONE,http://hl7.org/fhir/us/plannet/StructureDefinition-plannet-HealthcareService.html - Search Parameter Summary,,,
"""SHALL ... [support search parameter] [coverage-area](SearchParameter-healthcareservice-coverage-area.html) ... `GET [base]/HealthcareService?coverage-area=[coverage-area]`""",SHALL,Server,False,NONE,http://hl7.org/fhir/us/plannet/StructureDefinition-plannet-HealthcareService.html - Search Parameter Summary,,,
"""SHALL ... [support search parameter] [organization](SearchParameter-healthcareservice-organization.html) ... `GET [base]/HealthcareService?organization=[organization]`""",SHALL,Server,False,NONE,http://hl7.org/fhir/us/plannet/StructureDefinition-plannet-HealthcareService.html - Search Parameter Summary,,,
"""SHALL ... [support search parameter] [endpoint](SearchParameter-healthcareservice-endpoint.html) ... `GET [base]/HealthcareService?endpoint=[endpoint]`""",SHALL,Server,False,NONE,http://hl7.org/fhir/us/plannet/StructureDefinition-plannet-HealthcareService.html - Search Parameter Summary,,,
"""SHALL ... [support search parameter] [name](SearchParameter-healthcareservice-name.html) ... `GET [base]/HealthcareService?name=[name]`""",SHALL,Server,False,NONE,http://hl7.org/fhir/us/plannet/StructureDefinition-plannet-HealthcareService.html - Search Parameter Summary,,,
"""SHALL ... [support search parameter] [service-category](SearchParameter-healthcareservice-service-category.html) ... `GET [base]/HealthcareService?service-category=[system] [code]`""",SHALL,Server,False,NONE,http://hl7.org/fhir/us/plannet/StructureDefinition-plannet-HealthcareService.html - Search Parameter Summary,,,
"""SHALL ... [support search parameter] [service-type](SearchParameter-healthcareservice-service-type.html) ... `GET [base]/HealthcareService?service-type=[system] [code]`""",SHALL,Server,False,NONE,http://hl7.org/fhir/us/plannet/StructureDefinition-plannet-HealthcareService.html - Search Parameter Summary,,,
"""SHALL ... [support search parameter] [specialty](SearchParameter-healthcareservice-specialty.html) ... `GET [base]/HealthcareService?specialty=[system] [code]`""",SHALL,Server,False,NONE,http://hl7.org/fhir/us/plannet/StructureDefinition-plannet-HealthcareService.html - Search Parameter Summary,,,
"""SHALL ... [support search parameter] [_id](http://hl7.org/fhir/R4/search.html) ... `GET [base]/HealthcareService?_id=[id]`""",SHALL,Server,False,NONE,http://hl7.org/fhir/us/plannet/StructureDefinition-plannet-HealthcareService.html - Search Parameter Summary,,,
"""SHALL ... [support search parameter] [_lastUpdated](http://hl7.org/fhir/R4/search.html) ... `GET [base]/HealthcareService?_lastUpdated=[_lastUpdated]`""",SHALL,Server,False,NONE,http://hl7.org/fhir/us/plannet/StructureDefinition-plannet-HealthcareService.html - Search Parameter Summary,,,
"""SHALL support ... `search-type`, `read`.""",SHALL,Server,False,NONE,http://hl7.org/fhir/us/plannet/StructureDefinition-plannet-InsurancePlan.html - Profile Interaction Summary,,,
"""SHOULD support ... `vread`.""",SHOULD,Server,False,NONE,http://hl7.org/fhir/us/plannet/StructureDefinition-plannet-InsurancePlan.html - Profile Interaction Summary,,,
"""A Server SHALL be capable of returning a InsurancePlan resource using: `GET [base]/InsurancePlan/[id]`""",SHALL,Server,False,NONE,http://hl7.org/fhir/us/plannet/StructureDefinition-plannet-InsurancePlan.html - Fetch and Search Criteria,,,
"""A Server SHOULD be capable of returning a InsurancePlan resource using: `GET [base]/InsurancePlan/[id]/_history/vid`""",SHOULD,Server,False,NONE,http://hl7.org/fhir/us/plannet/StructureDefinition-plannet-InsurancePlan.html - Fetch and Search Criteria,,,
"""A Server SHALL be capable of supporting the following _includes: InsurancePlan:administered-by - `GET [base]/InsurancePlan?[parameter=value]&_include=InsurancePlan:administered-by`""",SHALL,Server,False,NONE,http://hl7.org/fhir/us/plannet/StructureDefinition-plannet-InsurancePlan.html - Fetch and Search Criteria,,,
"""A Server SHALL be capable of supporting the following _includes: InsurancePlan:owned-by - `GET [base]/InsurancePlan?[parameter=value]&_include=InsurancePlan:owned-by`""",SHALL,Server,False,NONE,http://hl7.org/fhir/us/plannet/StructureDefinition-plannet-InsurancePlan.html - Fetch and Search Criteria,,,
"""A Server SHALL be capable of supporting the following _includes: InsurancePlan:coverage-area - `GET [base]/InsurancePlan?[parameter=value]&_include=InsurancePlan:coverage-area`""",SHALL,Server,False,NONE,http://hl7.org/fhir/us/plannet/StructureDefinition-plannet-InsurancePlan.html - Fetch and Search Criteria,,,
"""SHALL ... [support search parameter] [administered-by](SearchParameter-insuranceplan-administered-by.html) ... `GET [base]/InsurancePlan?administered-by=[administered-by]`""",SHALL,Server,False,NONE,http://hl7.org/fhir/us/plannet/StructureDefinition-plannet-InsurancePlan.html - Search Parameter Summary,,,
"""SHALL ... [support search parameter] [owned-by](SearchParameter-insuranceplan-owned-by.html) ... `GET [base]/InsurancePlan?owned-by=[owned-by]`""",SHALL,Server,False,NONE,http://hl7.org/fhir/us/plannet/StructureDefinition-plannet-InsurancePlan.html - Search Parameter Summary,,,
"""SHALL ... [support search parameter] [coverage-area](SearchParameter-insuranceplan-coverage-area.html) ... `GET [base]/InsurancePlan?coverage-area=[coverage-area]`""",SHALL,Server,False,NONE,http://hl7.org/fhir/us/plannet/StructureDefinition-plannet-InsurancePlan.html - Search Parameter Summary,,,
"""SHALL ... [support search parameter] [name](SearchParameter-insuranceplan-name.html) ... `GET [base]/InsurancePlan?name=[name]`""",SHALL,Server,False,NONE,http://hl7.org/fhir/us/plannet/StructureDefinition-plannet-InsurancePlan.html - Search Parameter Summary,,,
"""SHALL ... [support search parameter] [plan-type](SearchParameter-insuranceplan-plan-type.html) ... `GET [base]/InsurancePlan?plan-type=[system] [code]`""",SHALL,Server,False,NONE,http://hl7.org/fhir/us/plannet/StructureDefinition-plannet-InsurancePlan.html - Search Parameter Summary,,,
"""SHALL ... [support search parameter] [identifier](SearchParameter-insuranceplan-identifier.html) ... `GET [base]/InsurancePlan?identifier=[system] [code]`""",SHALL,Server,False,NONE,http://hl7.org/fhir/us/plannet/StructureDefinition-plannet-InsurancePlan.html - Search Parameter Summary,,,
"""SHALL ... [support search parameter] [_id](http://hl7.org/fhir/R4/search.html) ... `GET [base]/InsurancePlan?_id=[id]`""",SHALL,Server,False,NONE,http://hl7.org/fhir/us/plannet/StructureDefinition-plannet-InsurancePlan.html - Search Parameter Summary,,,
"""SHALL ... [support search parameter] [_lastUpdated](http://hl7.org/fhir/R4/search.html) ... `GET [base]/InsurancePlan?_lastUpdated=[_lastUpdated]`""",SHALL,Server,False,NONE,http://hl7.org/fhir/us/plannet/StructureDefinition-plannet-InsurancePlan.html - Search Parameter Summary,,,
"""SHALL ... [support search parameter] [type](SearchParameter-insuranceplan-type.html) ... `GET [base]/InsurancePlan?type=[system] [code]`""",SHALL,Server,False,NONE,http://hl7.org/fhir/us/plannet/StructureDefinition-plannet-InsurancePlan.html - Search Parameter Summary,,,
"""SHOULD support ... `vread`.""",SHOULD,Server,False,NONE,Location/Profile Interaction Summary,,,
"""A Server SHALL be capable of returning a Location resource using: `GET [base]/Location/[id]`""",SHALL,Server,False,NONE,Location/Fetch and Search Criteria,,,
"""A Server SHOULD be capable of returning a Location resource using: `GET [base]/Location/[id]/_history/vid`""",SHOULD,Server,False,NONE,Location/Fetch and Search Criteria,,,
"""A Server SHALL be capable of supporting the following _includes: Location:endpoint - `GET [base]/Location?[parameter=value]&_include=Location:endpoint` ... Location:organization - `GET [base]/Location?[parameter=value]&_include=Location:organization` ... Location:partof - `GET [base]/Location?[parameter=value]&_include=Location:partof`""",SHALL,Server,False,NONE,Location/Fetch and Search Criteria,,,
"""A Server SHALL be capable of supporting the following _revincludes: ... HealthcareService:location - `GET [base]/Location?[parameter=value]&_revinclude=HealthcareService:location` ... InsurancePlan:coverage-area - `GET [base]/Location?[parameter=value]&_revinclude=InsurancePlan:coverage-area` ... OrganizationAffiliation:location - `GET [base]/Location?[parameter=value]&_revinclude=OrganizationAffiliation:location` ... PractitionerRole:location - `GET [base]/Location?[parameter=value]&_revinclude=PractitionerRole:location`""",SHALL,Server,False,NONE,Location/Fetch and Search Criteria,,,
"""`GET [base]/Location?partof=[partof]`""",SHALL,Server,False,NONE,Location/Search Parameter Summary/partof,,,
"""`GET [base]/Location?organization=[organization]`""",SHALL,Server,False,NONE,Location/Search Parameter Summary/organization,,,
"""`GET [base]/Location?endpoint=[endpoint]`""",SHALL,Server,False,NONE,Location/Search Parameter Summary/endpoint,,,
"""`GET [base]/Location?address-city=[address-city]`""",SHALL,Server,False,NONE,Location/Search Parameter Summary/address-city,,,
"""`GET [base]/Location?address-state=[address-state]`""",SHALL,Server,False,NONE,Location/Search Parameter Summary/address-state,,,
"""`GET [base]/Location?address-postalcode=[address-postalcode]`""",SHALL,Server,False,NONE,Location/Search Parameter Summary/address-postalcode,,,
"""`GET [base]/Location?address=[address]`""",SHALL,Server,False,NONE,Location/Search Parameter Summary/address,,,
"""`GET [base]/Location?type=[system] [code]`""",SHALL,Server,False,NONE,Location/Search Parameter Summary/type,,,
"""`GET [base]/Location?_id=[id]`""",SHALL,Server,False,NONE,Location/Search Parameter Summary/_id,,,
"""`GET [base]/Location?_lastUpdated=[_lastUpdated]`""",SHALL,Server,False,NONE,Location/Search Parameter Summary/_lastUpdated,,,
"""SHALL support ... `search-type`, `read`.""",SHALL,Server,False,NONE,Organization/Profile Interaction Summary,,,
"""SHOULD support ... `vread`.""",SHOULD,Server,False,NONE,Organization/Profile Interaction Summary,,,
"""A Server SHALL be capable of returning a Organization resource using: `GET [base]/Organization/[id]`""",SHALL,Server,False,NONE,Organization/Fetch and Search Criteria,,,
"""A Server SHOULD be capable of returning a Organization resource using: `GET [base]/Organization/[id]/_history/vid`""",SHOULD,Server,False,NONE,Organization/Fetch and Search Criteria,,,
"""A Server SHALL be capable of supporting the following _includes: Organization:partof - `GET [base]/Organization?[parameter=value]&_include=Organization:partof` ... Organization:endpoint - `GET [base]/Organization?[parameter=value]&_include=Organization:endpoint` ... Organization:coverage-area - `GET [base]/Organization?[parameter=value]&_include=Organization:coverage-area`""",SHALL,Server,False,NONE,Organization/Fetch and Search Criteria,,,
"""A Server SHALL be capable of supporting the following _revincludes: ... Endpoint:organization - `GET [base]/Organization?[parameter=value]&_revinclude=Endpoint:organization` ... HealthcareService:organization - `GET [base]/Organization?[parameter=value]&_revinclude=HealthcareService:organization` ... InsurancePlan:administered-by - `GET [base]/Organization?[parameter=value]&_revinclude=InsurancePlan:administered-by` ... InsurancePlan:owned-by - `GET [base]/Organization?[parameter=value]&_revinclude=InsurancePlan:owned-by` ... OrganizationAffiliation:primary-organization - `GET [base]/Organization?[parameter=value]&_revinclude=OrganizationAffiliation:primary-organization` ... PractitionerRole:organization - `GET [base]/Organization?[parameter=value]&_revinclude=PractitionerRole:organization` ... PractitionerRole:network - `GET [base]/Organization?[parameter=value]&_revinclude=PractitionerRole:network` ... OrganizationAffiliation:participating-organization - `GET [base]/Organization?[parameter=value]&_revinclude=OrganizationAffiliation:participating-organization`""",SHALL,Server,False,NONE,Organization/Fetch and Search Criteria,,,
"""`GET [base]/Organization?partof=[partof]`""",SHALL,Server,False,NONE,Organization/Search Parameter Summary/partof,,,
"""`GET [base]/Organization?endpoint=[endpoint]`""",SHALL,Server,False,NONE,Organization/Search Parameter Summary/endpoint,,,
"""`GET [base]/Organization?address=[address]`""",SHALL,Server,False,NONE,Organization/Search Parameter Summary/address,,,
"""`GET [base]/Organization?name=[name]`""",SHALL,Server,False,NONE,Organization/Search Parameter Summary/name,,,
"""`GET [base]/Organization?_id=[id]`""",SHALL,Server,False,NONE,Organization/Search Parameter Summary/_id,,,
"""`GET [base]/Organization?_lastUpdated=[_lastUpdated]`""",SHALL,Server,False,NONE,Organization/Search Parameter Summary/_lastUpdated,,,
"""`GET [base]/Organization?type=[system] [code]`""",SHALL,Server,False,NONE,Organization/Search Parameter Summary/type,,,
"""`GET [base]/Organization?coverage-area=[coverage-area]`""",SHALL,Server,False,NONE,Organization/Search Parameter Summary/coverage-area,,,
"""The content-type of the POST SHALL match the MIME type on the Subscription (Subscription.channel.payload).""",SHALL,Client,False,NONE,http://build.fhir.org/ig/HL7/fhir-directory-query/SubscriptionGuidance.html#payload,,,
"""support search-type""",SHALL,Server,False,NONE,http://build.fhir.org/ig/HL7/fhir-directory-query/OrganizationAffiliation.html#profile-interaction-summary,,,
"""support read""",SHALL,Server,False,NONE,http://build.fhir.org/ig/HL7/fhir-directory-query/OrganizationAffiliation.html#profile-interaction-summary,,,
"""be capable of returning a OrganizationAffiliation resource using: GET [base]/OrganizationAffiliation/[id]""",SHALL,Server,False,NONE,http://build.fhir.org/ig/HL7/fhir-directory-query/OrganizationAffiliation.html#fetch-and-search-criteria,,,
"""be capable of supporting the following _includes: OrganizationAffiliation:primary-organization - GET [base]/OrganizationAffiliation?[parameter=value]&_include=OrganizationAffiliation:primary-organization""",SHALL,Server,False,NONE,http://build.fhir.org/ig/HL7/fhir-directory-query/OrganizationAffiliation.html#fetch-and-search-criteria,,,
"""be capable of supporting the following _includes: OrganizationAffiliation:participating-organization - GET [base]/OrganizationAffiliation?[parameter=value]&_include=OrganizationAffiliation:participating-organization""",SHALL,Server,False,NONE,http://build.fhir.org/ig/HL7/fhir-directory-query/OrganizationAffiliation.html#fetch-and-search-criteria,,,
"""be capable of supporting the following _includes: OrganizationAffiliation:location - GET [base]/OrganizationAffiliation?[parameter=value]&_include=OrganizationAffiliation:location""",SHALL,Server,False,NONE,http://build.fhir.org/ig/HL7/fhir-directory-query/OrganizationAffiliation.html#fetch-and-search-criteria,,,
"""be capable of supporting the following _includes: OrganizationAffiliation:service - GET [base]/OrganizationAffiliation?[parameter=value]&_include=OrganizationAffiliation:service""",SHALL,Server,False,NONE,http://build.fhir.org/ig/HL7/fhir-directory-query/OrganizationAffiliation.html#fetch-and-search-criteria,,,
"""be capable of supporting the following _includes: OrganizationAffiliation:endpoint - GET [base]/OrganizationAffiliation?[parameter=value]&_include=OrganizationAffiliation:endpoint""",SHALL,Server,False,NONE,http://build.fhir.org/ig/HL7/fhir-directory-query/OrganizationAffiliation.html#fetch-and-search-criteria,,,
"""be capable of supporting the following _includes: OrganizationAffiliation:network - GET [base]/OrganizationAffiliation?[parameter=value]&_include=OrganizationAffiliation:network""",SHALL,Server,False,NONE,http://build.fhir.org/ig/HL7/fhir-directory-query/OrganizationAffiliation.html#fetch-and-search-criteria,,,
"""support [primary-organization](SearchParameter-organizationaffiliation-primary-organization.html)   reference   GET [base]/OrganizationAffiliation?primary-organization=[primary-organization]""",SHALL,Server,False,NONE,http://build.fhir.org/ig/HL7/fhir-directory-query/OrganizationAffiliation.html#search-parameter-summary,,,
"""support [participating-organization](SearchParameter-organizationaffiliation-participating-organization.html)   reference   GET [base]/OrganizationAffiliation?participating-organization=[participating-organization]""",SHALL,Server,False,NONE,http://build.fhir.org/ig/HL7/fhir-directory-query/OrganizationAffiliation.html#search-parameter-summary,,,
"""support [location](SearchParameter-organizationaffiliation-location.html)   reference   GET [base]/OrganizationAffiliation?location=[location]""",SHALL,Server,False,NONE,http://build.fhir.org/ig/HL7/fhir-directory-query/OrganizationAffiliation.html#search-parameter-summary,,,
"""support [service](SearchParameter-organizationaffiliation-service.html)   reference   GET [base]/OrganizationAffiliation?service=[service]""",SHALL,Server,False,NONE,http://build.fhir.org/ig/HL7/fhir-directory-query/OrganizationAffiliation.html#search-parameter-summary,,,
"""support [network](SearchParameter-organizationaffiliation-network.html)   reference   GET [base]/OrganizationAffiliation?network=[network]""",SHALL,Server,False,NONE,http://build.fhir.org/ig/HL7/fhir-directory-query/OrganizationAffiliation.html#search-parameter-summary,,,
"""support [endpoint](SearchParameter-organizationaffiliation-endpoint.html)   reference   GET [base]/OrganizationAffiliation?endpoint=[endpoint]""",SHALL,Server,False,NONE,http://build.fhir.org/ig/HL7/fhir-directory-query/OrganizationAffiliation.html#search-parameter-summary,,,
"""support [role](SearchParameter-organizationaffiliation-role.html)   token   GET [base]/OrganizationAffiliation?role=[system] [code]""",SHALL,Server,False,NONE,http://build.fhir.org/ig/HL7/fhir-directory-query/OrganizationAffiliation.html#search-parameter-summary,,,
"""support [specialty](SearchParameter-organizationaffiliation-specialty.html)   token   GET [base]/OrganizationAffiliation?specialty=[system] [code]""",SHALL,Server,False,NONE,http://build.fhir.org/ig/HL7/fhir-directory-query/OrganizationAffiliation.html#search-parameter-summary,,,
"""support [_id](http://hl7.org/fhir/R4/search.html)   token   GET [base]/OrganizationAffiliation?_id=[id]""",SHALL,Server,False,NONE,http://build.fhir.org/ig/HL7/fhir-directory-query/OrganizationAffiliation.html#search-parameter-summary,,,
"""support [_lastUpdated](http://hl7.org/fhir/R4/search.html)   date   GET [base]/OrganizationAffiliation?_lastUpdated=[_lastUpdated]""",SHALL,Server,False,NONE,http://build.fhir.org/ig/HL7/fhir-directory-query/OrganizationAffiliation.html#search-parameter-summary,,,
"""support vread""",SHOULD,Server,False,NONE,http://build.fhir.org/ig/HL7/fhir-directory-query/OrganizationAffiliation.html#profile-interaction-summary,,,
"""be capable of returning a OrganizationAffiliation resource using: GET [base]/OrganizationAffiliation/[id]/_history/vid""",SHOULD,Server,False,NONE,http://build.fhir.org/ig/HL7/fhir-directory-query/OrganizationAffiliation.html#fetch-and-search-criteria,,,
"""support search-type""",SHALL,Server,False,NONE,http://build.fhir.org/ig/HL7/fhir-directory-query/Practitioner.html#profile-interaction-summary,,,
"""support read""",SHALL,Server,False,NONE,http://build.fhir.org/ig/HL7/fhir-directory-query/Practitioner.html#profile-interaction-summary,,,
"""be capable of returning a Practitioner resource using: GET [base]/Practitioner/[id]""",SHALL,Server,False,NONE,http://build.fhir.org/ig/HL7/fhir-directory-query/Practitioner.html#fetch-and-search-criteria,,,
"""be capable of supporting the following _revincludes: PractitionerRole:practitioner - GET [base]/Practitioner?[parameter=value]&_revinclude=PractitionerRole:practitioner""",SHALL,Server,False,NONE,http://build.fhir.org/ig/HL7/fhir-directory-query/Practitioner.html#fetch-and-search-criteria,,,
"""support [name](SearchParameter-practitioner-name.html)   string   GET [base]/Practitioner?name=[name]""",SHALL,Server,False,NONE,http://build.fhir.org/ig/HL7/fhir-directory-query/Practitioner.html#search-parameter-summary,,,
"""support [_id](http://hl7.org/fhir/R4/search.html)   token   GET [base]/Practitioner?_id=[id]""",SHALL,Server,False,NONE,http://build.fhir.org/ig/HL7/fhir-directory-query/Practitioner.html#search-parameter-summary,,,
"""support [_lastUpdated](http://hl7.org/fhir/R4/search.html)   date   GET [base]/Practitioner?_lastUpdated=[_lastUpdated]""",SHALL,Server,False,NONE,http://build.fhir.org/ig/HL7/fhir-directory-query/Practitioner.html#search-parameter-summary,,,
"""support [family](SearchParameter-practitioner-family-name.html)   string   GET [base]/Practitioner?family=[family]""",SHALL,Server,False,NONE,http://build.fhir.org/ig/HL7/fhir-directory-query/Practitioner.html#search-parameter-summary,,,
"""support [given](SearchParameter-practitioner-given-name.html)   string   GET [base]/Practitioner?given=[given]""",SHALL,Server,False,NONE,http://build.fhir.org/ig/HL7/fhir-directory-query/Practitioner.html#search-parameter-summary,,,
"""support vread""",SHOULD,Server,False,NONE,http://build.fhir.org/ig/HL7/fhir-directory-query/Practitioner.html#profile-interaction-summary,,,
"""be capable of returning a Practitioner resource using: GET [base]/Practitioner/[id]/_history/vid""",SHOULD,Server,False,NONE,http://build.fhir.org/ig/HL7/fhir-directory-query/Practitioner.html#fetch-and-search-criteria,,,
"""SHOULD support ... `vread`""",SHOULD,Server,False,NONE,PractitionerRole/Conformance Expectations/Profile Interaction Summary,,,
"""A Server SHALL be capable of returning a PractitionerRole resource using: `GET [base]/PractitionerRole/[id]`""",SHALL,Server,False,NONE,PractitionerRole/Conformance Expectations/Fetch and Search Criteria,,,
"""A Server SHOULD be capable of returning a PractitionerRole resource using: `GET [base]/PractitionerRole/[id]/_history/vid`""",SHOULD,Server,False,NONE,PractitionerRole/Conformance Expectations/Fetch and Search Criteria,,,
"""A Server SHALL be capable of supporting the following _includes: PractitionerRole:practitioner - `GET [base]/PractitionerRole?[parameter=value]&_include=PractitionerRole:practitioner`""",SHALL,Server,False,NONE,PractitionerRole/Conformance Expectations/Fetch and Search Criteria,,,
"""A Server SHALL be capable of supporting the following _includes: PractitionerRole:organization - `GET [base]/PractitionerRole?[parameter=value]&_include=PractitionerRole:organization`""",SHALL,Server,False,NONE,PractitionerRole/Conformance Expectations/Fetch and Search Criteria,,,
"""A Server SHALL be capable of supporting the following _includes: PractitionerRole:location - `GET [base]/PractitionerRole?[parameter=value]&_include=PractitionerRole:location`""",SHALL,Server,False,NONE,PractitionerRole/Conformance Expectations/Fetch and Search Criteria,,,
"""A Server SHALL be capable of supporting the following _includes: PractitionerRole:service - `GET [base]/PractitionerRole?[parameter=value]&_include=PractitionerRole:service`""",SHALL,Server,False,NONE,PractitionerRole/Conformance Expectations/Fetch and Search Criteria,,,
"""A Server SHALL be capable of supporting the following _includes: PractitionerRole:network - `GET [base]/PractitionerRole?[parameter=value]&_include=PractitionerRole:network`""",SHALL,Server,False,NONE,PractitionerRole/Conformance Expectations/Fetch and Search Criteria,,,
"""A Server SHALL be capable of supporting the following _includes: PractitionerRole:endpoint - `GET [base]/PractitionerRole?[parameter=value]&_include=PractitionerRole:endpoint`""",SHALL,Server,False,NONE,PractitionerRole/Conformance Expectations/Fetch and Search Criteria,,,
"""SHALL ... [practitioner](SearchParameter-practitionerrole-practitioner.html) ... `GET [base]/PractitionerRole?practitioner=[practitioner]`""",SHALL,Server,False,NONE,PractitionerRole/Conformance Expectations/Search Parameter Summary,,,
"""SHALL ... [organization](SearchParameter-practitionerrole-organization.html) ... `GET [base]/PractitionerRole?organization=[organization]`""",SHALL,Server,False,NONE,PractitionerRole/Conformance Expectations/Search Parameter Summary,,,
"""SHALL ... [location](SearchParameter-practitionerrole-location.html) ... `GET [base]/PractitionerRole?location=[location]`""",SHALL,Server,False,NONE,PractitionerRole/Conformance Expectations/Search Parameter Summary,,,
"""SHALL ... [service](SearchParameter-practitionerrole-service.html) ... `GET [base]/PractitionerRole?service=[service]`""",SHALL,Server,False,NONE,PractitionerRole/Conformance Expectations/Search Parameter Summary,,,
"""SHALL ... [network](SearchParameter-practitionerrole-network.html) ... `GET [base]/PractitionerRole?network=[network]`""",SHALL,Server,False,NONE,PractitionerRole/Conformance Expectations/Search Parameter Summary,,,
"""SHALL ... [endpoint](SearchParameter-practitionerrole-endpoint.html) ... `GET [base]/PractitionerRole?endpoint=[endpoint]`""",SHALL,Server,False,NONE,PractitionerRole/Conformance Expectations/Search Parameter Summary,,,
"""SHALL ... [role](SearchParameter-practitionerrole-role.html) ... `GET [base]/PractitionerRole?role=[system] [code]`""",SHALL,Server,False,NONE,PractitionerRole/Conformance Expectations/Search Parameter Summary,,,
"""SHALL ... [specialty](SearchParameter-practitionerrole-specialty.html) ... `GET [base]/PractitionerRole?specialty=[system] [code]`""",SHALL,Server,False,NONE,PractitionerRole/Conformance Expectations/Search Parameter Summary,,,
"""SHALL ... [_id](http://hl7.org/fhir/R4/search.html) ... `GET [base]/PractitionerRole?_id=[id]`""",SHALL,Server,False,NONE,PractitionerRole/Conformance Expectations/Search Parameter Summary,,,
"""SHALL ... [_lastUpdated](http://hl7.org/fhir/R4/search.html) ... `GET [base]/PractitionerRole?_lastUpdated=[_lastUpdated]`""",SHALL,Server,False,NONE,PractitionerRole/Conformance Expectations/Search Parameter Summary,,,
"""Select services available in a region described by the specified location""",SHALL,Server,False,NONE,"http://hl7.org/fhir/us/planetest/SearchParameter-healthcareservice-coverage-area.html ""SearchParameter/healthcareservice-coverage-area""",,,
"""Select HealthcareServices provided by the specified organization""",SHALL,Server,False,NONE,"http://hl7.org/fhir/us/planetest/SearchParameter-healthcareservice-organization.html ""SearchParameter/healthcareservice-organization""",,,
"""Select HealthcareServices with the specified endpoint""",SHALL,Server,False,NONE,"http://hl7.org/fhir/us/planetest/SearchParameter-healthcareservice-endpoint.html ""SearchParameter/healthcareservice-endpoint""",,,
"""Select HealthcareServices available at the specified location""",SHALL,Server,False,NONE,"http://hl7.org/fhir/us/planetest/SearchParameter-healthcareservice-location.html ""SearchParameter/healthcareservice-location""",,,
"""Select HealthcareServices with the specified name""",SHALL,Server,False,NONE,"http://hl7.org/fhir/us/planetest/SearchParameter-healthcareservice-name.html ""SearchParameter/healthcareservice-name""",,,
"""Select HealthcareServices providing the specified category of services""",SHALL,Server,False,NONE,"http://hl7.org/fhir/us/planetest/SearchParameter-healthcareservice-service-category.html ""SearchParameter/healthcareservice-service-category""",,,
"""Select HealthcareServices of the specified type""",SHALL,Server,False,NONE,"http://hl7.org/fhir/us/planetest/SearchParameter-healthcareservice-service-type.html ""SearchParameter/healthcareservice-service-type""",,,
"""Select services associated with the specified specialty""",SHALL,Server,False,NONE,"http://hl7.org/fhir/us/planetest/SearchParameter-healthcareservice-specialty.html ""SearchParameter/healthcareservice-specialty""",,,
"""Select products that are administered by the specified organization""",SHALL,Server,False,NONE,"http://hl7.org/fhir/us/planetest/SearchParameter-insuranceplan-administered-by.html ""SearchParameter/insuranceplan-administered-by""",,,
"""Select products that are offered in the specified location""",SHALL,Server,False,NONE,"http://hl7.org/fhir/us/planetest/SearchParameter-insuranceplan-coverage-area.html ""SearchParameter/insuranceplan-coverage-area""",,,
"""Select products with the specified identifier""",SHALL,Server,False,NONE,"http://hl7.org/fhir/us/planetest/SearchParameter-insuranceplan-identifier.html ""SearchParameter/insuranceplan-identifier""",,,
"""Select products with the specified name""",SHALL,Server,False,NONE,"http://hl7.org/fhir/us/planetest/SearchParameter-insuranceplan-name.html ""SearchParameter/insuranceplan-name""",,,
"""Select products that are owned by the specified organization""",SHALL,Server,False,NONE,"http://hl7.org/fhir/us/planetest/SearchParameter-insuranceplan-owned-by.html ""SearchParameter/insuranceplan-owned-by""",,,
"""Select plans of the specified type""",SHALL,Server,False,NONE,"http://hl7.org/fhir/us/planetest/SearchParameter-insuranceplan-plan-type.html ""SearchParameter/insuranceplan-plan-type""",,,
"""Select insurance plans of the specified type""",SHALL,Server,False,NONE,"http://hl7.org/fhir/us/planetest/SearchParameter-insuranceplan-type.html ""SearchParameter/insuranceplan-type""",,,
"""Select Locations with the specified address.city""",SHALL,Server,False,NONE,"http://hl7.org/fhir/us/planetest/SearchParameter-location-address-city.html ""SearchParameter/location-address-city""",,,
